{"max": [0.6096, 0.9906, 0.0], "centroid": [0.3083407147679324, 0.6365246202531648, -0.13503797468354437], "id": "1fe0a612dfc3fc548be8b77157b819c9", "numVertices": 237, "min": [0.0, 0.0, -0.6096]}
