{"max": [12.0478, 7.50018, -1.52766], "centroid": [8.2701554084398, 4.064448290360041, -5.231369783197831], "id": "1b7bef12c554c1244c686b8271245d1b", "numVertices": 2583, "min": [4.50144, 0.0, -8.15558]}
