{"max": [13.4686, 10.7377, 8.5075], "centroid": [11.089862226753683, 3.3388768096574135, 6.829319641109301], "id": "2b90701386f1813052db1dda4adf0a0c", "numVertices": 1226, "min": [8.7506, -0.00560546, 4.3927]}
