{"max": [0.0, 0.450915, 0.2667], "centroid": [-0.11077123658536583, 0.27721548780487804, 0.21593340975609768], "id": "1b7ba5484399d36bc5e50b867ca2d0b9", "numVertices": 82, "min": [-0.221689, 0.0, 0.0450107]}
