{"max": [0.444033, 0.344808, 0.3814], "centroid": [-5.801050037440808e-05, -0.03896127427848541, 0.02983790295564736], "id": "1d8d16c0750f22f5ece93f2bb0b6d036", "numVertices": 4834, "min": [-0.444033, -0.416, -0.407551]}
