{"max": [2.52399, 2.78447, 0.0], "centroid": [1.9092436363636336, 1.3730663030303027, -0.5720722545454546], "id": "2a8b0d30928d3161f7b783634bf3f92f", "numVertices": 165, "min": [1.30188, 0.0, -1.13017]}
