{"max": [0.0325719, 0.762, 0.556512], "centroid": [-0.22873361438556672, 0.4908797135752583, 0.4558266115463916], "id": "2a0f4fe08cec3d25680876614ed35a7f", "numVertices": 970, "min": [-0.489877, 0.0, 0.0]}
