{"max": [0.0, 0.8013, -0.0446], "centroid": [-0.22913019801980203, 0.34028613861386164, -0.21798811881188115], "id": "2ce61518f138b7f75d009c98a5b96836", "numVertices": 202, "min": [-0.4581, 0.003, -0.446]}
