{"max": [1.13517, 0.924919, 2.13064], "centroid": [0.8733370865384585, 0.37010317003205334, 1.7967370592948722], "id": "2b82a928c4a81fe1df4cfe396cee719e", "numVertices": 1248, "min": [0.623996, 0.0110151, 1.46532]}
