{"max": [5.81156, 2.88878, 0.0229621], "centroid": [4.613876030701752, 1.3906179232456137, -0.5410297737719307], "id": "2b0f0f530011353d15eb60d655e596e9", "numVertices": 456, "min": [3.39717, 0.0, -1.41193]}
