{"max": [0.0, 0.767, 0.508], "centroid": [-0.22411704837596144, 0.5834800678541133, 0.3529770993723493], "id": "1ab8a3b55c14a7b27eaeab1f0c9120b7", "numVertices": 1179, "min": [-0.45, 0.0, 0.0]}
