{"max": [-0.7493, 0.608624, 0.161109], "centroid": [-0.9811087657657669, 0.1933520754954954, -0.03654006549549551], "id": "2a05ae00b701fda36567137a59cb1a56", "numVertices": 222, "min": [-1.2065, -0.569795, -0.510942]}
