{"max": [0.9144, 2.1336, 0.0], "centroid": [0.45720000000000016, 1.0047111111111116, -0.2878666666666667], "id": "1bda25dc158098f438f6f5a7dee76fde", "numVertices": 54, "min": [0.0, 0.0, -0.9144]}
