{"max": [0.00010518, 0.909082, 0.0], "centroid": [-0.1999311020465698, 0.5643697202173893, -0.18543934498000011], "id": "1d2745e280ea2d513c8d0fdfb1cc2535", "numVertices": 4600, "min": [-0.400105, 0.0, -0.4]}
