{"max": [-6.55651e-07, 0.890001, 0.95], "centroid": [-0.44973652723634805, 0.3383778306506167, 0.43627426904985456], "id": "1ab4c6ef68073113cf004563556ddb36", "numVertices": 6544, "min": [-0.899999, -2.79397e-09, -7.45058e-09]}
