{"max": [-0.155469, 0.98986, -0.0996919], "centroid": [-0.4114342268041226, 0.5213725773195875, -0.3135409876288658], "id": "1e304b967d5253d5dd079f8cece51712", "numVertices": 97, "min": [-0.671851, 0.0, -0.747063]}
