{"max": [0.662689, 0.548, 0.375252], "centroid": [0.5136421497890282, 0.12940175105485097, 0.26782186181434653], "id": "2c76aaa00e55c26836c07750784b6bc6", "numVertices": 474, "min": [0.362689, -0.4, 0.0232519]}
