{"max": [0.0, 1.2535, 0.0], "centroid": [-0.24092592592592624, 0.560934197530864, -0.3235994320987657], "id": "1b5e876f3559c231532a8e162f399205", "numVertices": 162, "min": [-0.55, 0.0, -0.715696]}
