{"max": [0.0, 0.97, 0.563413], "centroid": [-0.2583241348837208, 0.39546545271317807, 0.35387223875969], "id": "1e15f238da6b4bc546b9f3b6ee20ff4b", "numVertices": 129, "min": [-0.52, 0.0, 0.0]}
