{"max": [1.025, 0.81275, 0.02], "centroid": [0.49558833493975923, 0.28560391566265037, -0.26356422048192774], "id": "1f343169e6948a2a5b7d8e48ecc58356", "numVertices": 166, "min": [-0.025, 0.0, -0.61]}
