{"max": [6.61715, 1.02, 3.76574], "centroid": [6.361060735392874, 0.5065474917304995, 3.497590893216937], "id": "2c795b27253f9ada336961c9971d866b", "numVertices": 2978, "min": [6.09715, -0.01, 3.29393]}
