{"max": [0.0, 1.05, 0.467133], "centroid": [-0.19999999049586767, 0.6960193495867775, 0.3767499692148761], "id": "2bda2aa53c374ca665ba78ad9601cf1b", "numVertices": 484, "min": [-0.4, 0.0, 0.000976078]}
