{"max": [-0.0330149, 1.06587, 0.989531], "centroid": [-0.5600257008108125, 0.47819077762162154, 0.39798491400000074], "id": "2ba108b72aa4995814513156cf2b8d0d", "numVertices": 370, "min": [-1.13801, 0.0, -0.0451717]}
