{"max": [0.644338, 0.881302, 0.0], "centroid": [0.3217072182804079, 0.599577908651008, -0.142590509162955], "id": "2b6c09e26719b256c5facc3cc8dc041e", "numVertices": 34789, "min": [0.0, 0.0, -0.511173]}
