{"max": [0.0, 1.01214, 0.036793], "centroid": [-0.27967149767161364, 0.6252738791649965, -0.1287145086358007], "id": "2c548222017955df4530ae9f1281950f", "numVertices": 2491, "min": [-0.55, 0.0, -0.466627]}
