{"max": [0.633917, 0.90183, 1.01331], "centroid": [0.31635795393388416, 0.3165365640330577, 0.4097651680440768], "id": "2cbbe7f1f1f75e34d28b52ade6c7e48", "numVertices": 363, "min": [0.0, 0.0, 0.0]}
