{"max": [0.0, 1.02537, 0.59908], "centroid": [-0.25319882927977866, 0.427017755096953, 0.3875488986149585], "id": "2afcb7db7697d552f51f77a6d7299806", "numVertices": 361, "min": [-0.516352, 0.0, 0.02]}
