{"max": [0.395962, 0.41, 0.437629], "centroid": [0.05006595951417002, -0.05095028340080964, 0.10315327935222672], "id": "1ad766f9e95ce308aa425ecb668e59de", "numVertices": 247, "min": [-0.284038, -0.226709, -0.282371]}
