{"max": [0.581138, 0.778259, 0.55025], "centroid": [0.20979847463691742, 0.255881226178757, 0.2474531608059588], "id": "1b938d400e1a340b17b431cae0dd70ed", "numVertices": 1544, "min": [-0.160418, 0.0, -0.123765]}
