{"max": [0.023981, 0.89, 0.56226], "centroid": [-0.23055934410480386, 0.4137369676855924, 0.3369010410480352], "id": "2a3a847a3d4c39c1b17743c18fb63dc", "numVertices": 1145, "min": [-0.455922, 0.0, -0.028894]}
