{"max": [0.76, 0.65, 0.0], "centroid": [0.3785858443827948, 0.43558676054728535, -0.35215600177417267], "id": "1b5ab441fb8e3b1b450621b513a975bb", "numVertices": 6651, "min": [0.0, 0.0, -0.702]}
