{"max": [-2.31523, 1.96911, 0.46796], "centroid": [-3.2962246212952926, 0.8338298918496155, -0.4434852822382006], "id": "2afa06a01a0a15fc504721639e19f609", "numVertices": 1822, "min": [-4.25762, 0.00756529, -1.32435]}
