{"max": [0.156589, 0.857873, 1.12179], "centroid": [-0.18254034450843232, 0.4164732600133864, 0.9307719100401618], "id": "2a6b8437623a374e504721639e19f609", "numVertices": 3735, "min": [-0.513927, 0.000126481, 0.618681]}
