{"max": [-2.49062, 1.1659, 1.2921], "centroid": [-2.8723155732052663, 0.5537310492427014, 0.9141348389360969], "id": "2c4d7d33ecb486532569827d39fc0af3", "numVertices": 8121, "min": [-3.27168, 0.0437193, 0.5219]}
