{"max": [0.810032, 1.15359, 0.902411], "centroid": [0.4763248404548584, 0.22163911841212483, 0.3574758333828737], "id": "1d1b37ce6d72d7855096c0dd2594842a", "numVertices": 5804, "min": [0.125944, 0.0, -0.0405741]}
