{"max": [7.59334, 18.5829, 9.0821], "centroid": [0.0014516491443954459, 7.198396666377374, 1.272110158117854], "id": "1be38f2624022098f71e06115e9c3b3e", "numVertices": 31006, "min": [-7.59325, -3.71094e-05, -6.03305]}
