{"max": [-0.672885, 0.30582, 1.11307], "centroid": [-0.9182905929648233, 0.04218425981081282, 0.9465271758793955], "id": "1eb2e372a204a61153baab6c8235f5db", "numVertices": 597, "min": [-1.16288, -0.475266, 0.559739]}
