{"max": [-1.42706, 2.728, -0.339952], "centroid": [-2.3844733356443424, 2.3475542092035924, -0.6250552963861683], "id": "1e678fabd0622a1119fb4103277a6b93", "numVertices": 11539, "min": [-3.35146, 1.90912, -1.1686]}
