{"max": [0.0, 0.938303, 0.940015], "centroid": [-0.46575100490472304, 0.19457942667607442, 0.44179106139731744], "id": "2a56ff0143d4e69fe6fe3612af521500", "numVertices": 2834, "min": [-0.931479, 0.0, 0.0]}
