{"max": [0.0, 0.816549, 0.47625], "centroid": [-0.21402817089552245, 0.4543863022388056, 0.27062212507462685], "id": "2a2ef361fbe78f1e9f3cdee390cffc8e", "numVertices": 268, "min": [-0.4191, 0.0, 0.0]}
