{"max": [-5.77215, 6.1214, 2.2606], "centroid": [-7.069846699751861, 3.9431780853597904, 1.802730132506202], "id": "1d6faeb6d77d1f2cf95cd8df6bebbc3a", "numVertices": 403, "min": [-8.4328, 0.0634999, 0.0]}
