{"max": [0.314658, 1.0336, 0.588746], "centroid": [3.293286641317798e-07, 0.6833371597941097, 0.4221095420045746], "id": "2b9ca6deb278a10cffc21cb5f21201cc", "numVertices": 3497, "min": [-0.314657, 0.0, 0.0]}
