{"max": [0.0233086, 0.38, 0.0450512], "centroid": [-0.19670077974708108, 0.01584819873058722, -0.14174732976653717], "id": "2a1f13b41192e80bf51fa0238791f5dc", "numVertices": 6682, "min": [-0.417362, -0.00891065, -0.43025]}
