{"max": [0.733228, 0.854744, 1.38269], "centroid": [0.4076364451476778, 0.3303410189873417, 1.0119695632911396], "id": "1db766ad516a6993f4b6538438a0b930", "numVertices": 474, "min": [0.072828, 0.0, 0.673954]}
