{"max": [0.324999, 0.693064, 0.406222], "centroid": [0.001844744186046436, 0.265655884558139, 0.09112771999999993], "id": "1e0580f443a9e6d2593ebeeedbff73b", "numVertices": 645, "min": [-0.324999, 0.0, -0.407529]}
