{"max": [-0.012976, 1.21923, 0.574442], "centroid": [-0.2572000000000012, 0.39941055297532563, 0.3068490769230767], "id": "1bcec47c5dc259ea95ca4adb70946a21", "numVertices": 1378, "min": [-0.501424, 0.0, 0.0168]}
