{"max": [0.349393, 1.04412, 0.379393], "centroid": [-0.002153706802142406, 0.46632327514455624, 0.058749159446771865], "id": "2ae5f2290acacd7fd5b24cafb84903c7", "numVertices": 10549, "min": [-0.349906, 0.0, -0.334804]}
