{"max": [0.00499999, 0.681068, 1.10055], "centroid": [-0.3149204778777297, 0.33547268913125816, 0.5642174130689916], "id": "1b5fc54e45c8768490ad276cd2af3a4", "numVertices": 2012, "min": [-0.605, -0.008145, -0.038255]}
