{"max": [0.0, 9.92343, 0.0], "centroid": [-3.202477504319473, 5.8078777207561725, -2.818181194555768], "id": "2a56e3e2a6505ec492d9da2668ec34c", "numVertices": 1058, "min": [-6.40555, 7.62e-06, -6.96605]}
