{"max": [0.5715, 0.8128, 0.0], "centroid": [0.2857499964632632, 0.4000961494395993, -0.28826957549190496], "id": "2bfa0be90c15bfa0b82cf928f6ed5338", "numVertices": 3212, "min": [0.0, 0.0, -0.5969]}
