{"max": [0.0, 0.678, 0.9], "centroid": [-0.5006036186478873, 0.6260371223340048, 0.5319059078470821], "id": "2b01a7501dd9780075e0fac069101b51", "numVertices": 497, "min": [-1.0, 0.0, 0.0]}
