{"max": [0.533472, 9.404, 7.35981], "centroid": [-3.151957231707321, 0.5785318373983878, 4.614150628726297], "id": "2c351621045e25351385913bc50a0210", "numVertices": 738, "min": [-6.55231, -5.373, 0.0]}
