{"max": [0.00602914, 0.896538, -0.086], "centroid": [-0.2257006030162541, 0.5160275590105942, -0.24792874473498253], "id": "2c6fa3007e79013cc3cf9ae716575390", "numVertices": 2830, "min": [-0.45743, 0.0, -0.567377]}
