{"max": [-0.141191, 0.836782, 0.0], "centroid": [-0.36028076505312845, 0.4355174746162935, -0.26613409472727256], "id": "1c758127bc4fdb18be27e423fd45ffe7", "numVertices": 847, "min": [-0.5818, 0.0, -0.496723]}
