{"max": [0.0, 0.91026, 0.465], "centroid": [-0.21023971581049794, 0.31654517834018214, 0.2488533618036538], "id": "1f571e244384bca736b0f2a1430e993a", "numVertices": 1752, "min": [-0.42, 0.0, 0.005]}
