{"max": [-1.16625, 0.822264, 1.71292], "centroid": [-1.6437018330343385, 0.2864671034296521, 1.2550924559841183], "id": "1c3f1a9cea91359c4c3e19c2c67c262f", "numVertices": 15608, "min": [-2.09571, -0.0232306, 0.783892]}
