{"max": [1.78404, 0.877897, -0.591739], "centroid": [1.48547771593347, 0.5029134240879849, -0.8463455075107283], "id": "2b55385a63cf62f6bababe11fcea8796", "numVertices": 7456, "min": [1.20404, -1.05697e-17, -1.40174]}
