{"max": [0.421995, 0.842504, 0.0463592], "centroid": [0.20683193420885826, 0.40540201188537267, -0.18915526649629777], "id": "1cad298ed14e60f866e6ad37fee011e", "numVertices": 746, "min": [-0.00540861, -2.14769e-06, -0.446521]}
