{"max": [0.0, 0.996987, 0.5814], "centroid": [-0.23306236700460822, 0.32458154377880194, 0.3981997876497701], "id": "2bbf00f0c583fd8a4b3c42e318f3affc", "numVertices": 217, "min": [-0.4606, 0.0, 0.0]}
