{"max": [-4.40169, 1.16688, 3.98773], "centroid": [-4.658539853431612, 0.7473048134983732, 3.73906624890291], "id": "2a8d87523e23a01d5f40874aec1ee3a6", "numVertices": 11394, "min": [-4.91479, 0.299, 3.50066]}
