{"max": [-0.140814, 0.973088, 1.00602], "centroid": [-0.5683322737543548, 0.42717581025492596, 0.7134665050115941], "id": "1c5d66f3e7352cbf310af74324aae27f", "numVertices": 3452, "min": [-0.988944, 0.0, 0.0810897]}
