{"max": [-0.413118, 0.67, 1.08766], "centroid": [-0.6297787918552039, 0.2586680882352936, 0.9082872443438907], "id": "1c173d970e21e9a8be95ff480950e9ef", "numVertices": 442, "min": [-0.855637, 0.0, 0.677972]}
