{"max": [-13.254, 5.7023, 7.7354], "centroid": [-16.382640508021197, 4.08676796048722, 5.518092314319693], "id": "1d9bc60209572861473f10e6caaeca56", "numVertices": 6732, "min": [-19.5113, 0.0, 3.34984]}
