{"max": [0.291235, 0.808576, 0.331834], "centroid": [0.005310768301659753, 0.4767209467949886, 0.09856770197364151], "id": "1b81441b7e597235d61420a53a0cb96d", "numVertices": 6146, "min": [-0.281679, -9.39161e-12, -0.24269]}
