{"max": [-1.08752, 0.589781, 0.234006], "centroid": [-1.4486562664092661, 0.23889562223938435, 0.03820409824362935], "id": "2a5abe261ad074f1c6fca4cd59d9149", "numVertices": 2590, "min": [-1.76453, 0.0, -0.413021]}
