{"max": [0.001, 0.117339, 0.0885594], "centroid": [-0.04545712643532121, 0.043916369066366735, 0.039332664749156455], "id": "2b454a3d18d5efba615debb484b4c30", "numVertices": 2667, "min": [-0.101832, 0.0, -0.000777807]}
