{"max": [0.4501, 1.2001, 0.388659], "centroid": [0.23087948717948698, 0.5025900256410255, 0.28118048224232256], "id": "2acc2a87aef7cc559ca96b2737246fca", "numVertices": 156, "min": [0.0, 0.0, -0.000489444]}
