{"max": [2.98615, 1.48694, 1.3722], "centroid": [2.7312878431372574, 0.6176522352941173, 1.1882784313725505], "id": "2bcf0b0586570ffe6c63b8b48495261a", "numVertices": 102, "min": [2.47615, 0.0, 0.862197]}
