{"max": [0.0, 0.913607, 0.827796], "centroid": [-0.47402899619366035, 0.40482926443809636, 0.4417371554702299], "id": "1bec15f362b641ca7350b1b2f753f3a2", "numVertices": 5391, "min": [-0.946892, -2.98023e-08, 0.0]}
