{"max": [-26.4316, 0.928086, -6.52443], "centroid": [-26.968268812589436, 0.48793295462088654, -7.0759635479256096], "id": "1b4071814d1c1ae6e2367b9e27f16a71", "numVertices": 699, "min": [-27.4655, 0.00186103, -7.62863]}
