{"max": [0.0, 0.8382, 0.0], "centroid": [-0.37335027760248496, 0.5525752012422347, -0.2842847300869556], "id": "2b8c678b99f7b2807ea88ba060407992", "numVertices": 805, "min": [-0.746125, 0.0, -0.644525]}
