{"max": [-0.142546, 0.727234, -2.57115], "centroid": [-0.7158557248381983, 0.39229308420738435, -3.0869788804582035], "id": "1fc918b0e5c7cf2da5c25aecef10278f", "numVertices": 13443, "min": [-1.28555, 0.0, -3.68875]}
