{"max": [-0.0107293, 1.14981, 0.573144], "centroid": [-0.3333300954921102, 0.4202518070852844, 0.37514761738542285], "id": "2a2d705d0238396488422a4c20c0b1e6", "numVertices": 1331, "min": [-0.631667, 8.9407e-08, -0.00827598]}
