{"max": [-0.0157335, 2.4208, 1.33505], "centroid": [-0.6147616080385852, 1.1280753504823116, 0.9677407813504826], "id": "1c2cad4df1697103a5139737ddc33fc8", "numVertices": 622, "min": [-1.22527, -9.641e-17, 0.0528]}
