{"max": [-1.052, 0.655823, 0.843448], "centroid": [-1.431741031886617, 0.44029840027103573, 0.5728384731638624], "id": "2bf1fdef16967a929753496ba23f2183", "numVertices": 2258, "min": [-1.812, 0.0, 0.0]}
