{"max": [0.167431, 0.190946, 0.431248], "centroid": [0.09146718172588836, 0.11586278538071045, 0.3549892639593906], "id": "2a643eaf143a779f7eeca6709b6a824e", "numVertices": 197, "min": [0.0147457, -5.373e-05, 0.278563]}
