{"max": [0.0, 9.80803, 7.42744], "centroid": [-2.8632259580073547, 4.333168094582121, 5.092100407021135], "id": "2cb0ac27f1cdb3f0b2db0181fdb9f615", "numVertices": 2178, "min": [-5.76378, 0.0, 0.0]}
