{"max": [0.002913, 1.15113, 1.06662], "centroid": [-0.36853090527196536, 0.5861391297071128, 0.7237009506276143], "id": "2c03d0a4c83f0e89488017d48a7f7eb4", "numVertices": 1195, "min": [-0.745649, 0.0, 0.0]}
