{"max": [-0.00406755, 0.86427, 0.412307], "centroid": [-0.22648677117647129, 0.4405674558823537, 0.19687046511764697], "id": "2c67f62020ca22927297db8481c2b16b", "numVertices": 340, "min": [-0.44434, 0.0, 0.00198513]}
