{"max": [0.03, 0.86, 0.37], "centroid": [-0.13889097357328173, 0.3699645031954894, 0.1141554281203006], "id": "2ca6d10b1ba99fbd9784ddd96453bcc2", "numVertices": 532, "min": [-0.31, 0.0, 0.0]}
