{"max": [-2.04565, 0.792109, -2.33533], "centroid": [-2.3834781205871884, 0.35717153618190406, -2.751307250092954], "id": "1f438263a82a1b8919fb4103277a6b93", "numVertices": 10764, "min": [-2.72131, -0.000417932, -3.10212]}
