{"max": [0.080531, 1.77, 1.1424], "centroid": [-0.5850661832861189, 0.02995444759206762, 0.6704625733711047], "id": "2a1d80a0aa67ee7585d33ad8f24c4885", "numVertices": 706, "min": [-1.24053, -1.2, 0.0]}
