{"max": [-4.08376, 25.2032, 16.6427], "centroid": [-10.41445436619718, 13.762900000000002, 12.572294636619718], "id": "1d37a7fbe0810f963e83b2d32ed5f665", "numVertices": 71, "min": [-16.9235, 0.0, -0.0324301]}
