{"max": [0.0625, 1.00941, 0.0885756], "centroid": [-0.2765304505489258, 0.4871478795727914, -0.16790969345107407], "id": "2a39dbeb52262b975babe43b460dfe6e", "numVertices": 419, "min": [-0.614856, -4e-09, -0.5]}
