{"max": [1.03582, 1.111, 1.42249], "centroid": [0.7946055652920959, 0.5202948573883176, 1.2347752783505173], "id": "2c4e9d34472b4bccc16f7010a3b8fdee", "numVertices": 582, "min": [0.551817, 0.0, 0.938488]}
