{"max": [0.45, 0.948364, 0.5646], "centroid": [0.2250283888215944, 0.5202322296026078, 0.297026156738019], "id": "1b83311557e48d6328145ddc1e2c18e1", "numVertices": 5279, "min": [0.0, 1.78814e-07, 0.0]}
