{"max": [0.4572, 1.16749, 0.0], "centroid": [0.22940657241379311, 0.6532453103448277, -0.14394075517241386], "id": "1ac6531a337de85f2f7628d6bf38bcc4", "numVertices": 58, "min": [0.0, 0.0, -0.439738]}
