{"max": [0.0, 3.05, 0.0], "centroid": [-1.627886182392345, 1.4298185550239229, -1.2688872889952156], "id": "2ae4f1392d44ca24654a275ea978255", "numVertices": 209, "min": [-3.301, 0.0, -2.518]}
