{"max": [-0.0707146, 0.0766644, 0.016222], "centroid": [-0.10157336310469339, 0.052415200031047215, -0.012648278644247887], "id": "1aeb17f89e1bea954c6deb9ede0648df", "numVertices": 8310, "min": [-0.132344, -0.000962508, -0.0408807]}
