{"max": [0.403818, 0.77089, 1.06364], "centroid": [0.08039994930569959, 0.48142625595854843, 0.7216130715025917], "id": "2c8f57bf281dd31119fb4103277a6b93", "numVertices": 7720, "min": [-0.240944, 0.00889, 0.367378]}
