{"max": [0.0, 0.9927, 0.0], "centroid": [-0.2693805939790581, 0.41646782314136144, -0.5999555547643964], "id": "2be29f8ad81e2742eaf14273fa406ffc", "numVertices": 1528, "min": [-0.555, 0.0, -1.18812]}
