{"max": [0.0128888, 0.797881, 0.463914], "centroid": [-0.20030644490489008, 0.5666949630856414, 0.23990880373966328], "id": "1de49c5853d04e863c8d0fdfb1cc2535", "numVertices": 31436, "min": [-0.412889, -0.014984, -0.013]}
