{"max": [-0.0996037, 1.38756, 0.377336], "centroid": [-0.5922380390374333, 0.9360463128342249, -0.06612452459893055], "id": "2b8e3e95616a5fedabf945c9a80683d1", "numVertices": 374, "min": [-1.07396, 0.388912, -0.6096]}
