{"max": [-14.1754, 6.32256, -50.9394], "centroid": [-14.809408543417408, 5.7319509663865436, -51.625993417367], "id": "2aacbdaf7dfbc5adb1a98fe8994d06b6", "numVertices": 714, "min": [-15.4431, 5.01599, -52.2032]}
