{"max": [1.76752, 1.61925, -0.000648081], "centroid": [0.8979559286666671, 0.7161478916666657, -0.2488405051999999], "id": "1f3336163f11015c1a7069a11c22548c", "numVertices": 240, "min": [0.00697987, -0.995363, -1.7342]}
