{"max": [0.278804, 0.917284, 0.3302], "centroid": [0.00564188968637993, 0.12493896953405123, 0.043981982293906784], "id": "2c03bcb2a133ce28bb6caad47eee6580", "numVertices": 1116, "min": [-0.29667, -0.10795, -0.29667]}
