{"max": [-2.17737, 14.6188, 0.69549], "centroid": [-5.7400408696629315, 6.373366656552892, -1.5137312677986574], "id": "1f5a2c231265aa9380b3cfbeccfb24d2", "numVertices": 4450, "min": [-9.15671, -1.75755, -7.09219]}
