{"max": [-5.59386, 0.879946, 1.64276], "centroid": [-6.486046825535744, 0.3103116273638521, 1.3848043303310653], "id": "1a38407b3036795d19fb4103277a6b93", "numVertices": 23982, "min": [-7.37662, -0.00278613, 1.00132]}
