{"max": [-3.37972, 0.611779, 0.253317], "centroid": [-3.588664630715133, 0.22327380873388, -0.07025612573305992], "id": "1f1a9120cba6c1ce177b3ebe695b7c2f", "numVertices": 1706, "min": [-3.80813, -0.110892, -0.393299]}
