{"max": [0.0, 0.821214, 0.582683], "centroid": [-0.1928787416347827, 0.49652571159420306, 0.48571493043478436], "id": "2ab4b8a3fe51d2ba1b17743c18fb63dc", "numVertices": 690, "min": [-0.390859, 0.0, 0.0]}
