{"max": [0.0, 0.85011, 0.72079], "centroid": [-0.3968861258609273, 0.5089684022947025, 0.33183104307119216], "id": "1c17cc67b8c747c3febad4f49b26ec52", "numVertices": 1208, "min": [-0.7807, 0.0, 0.0]}
