{"max": [0.0201087, 0.425706, -0.376255], "centroid": [-0.36086975528537746, -0.1386675578066037, -1.2057855872641496], "id": "2a1124c7deb11176af42602f1636bd9", "numVertices": 848, "min": [-0.744958, -0.646324, -2.30429]}
