{"max": [0.343745, 0.899836, 0.405405], "centroid": [0.03972929680365303, 0.5504271689497713, 0.08403315525114168], "id": "1fb9ffbcd38f8ba63eec26c23f5bc80b", "numVertices": 219, "min": [-0.246255, 0.0, -0.184595]}
