{"max": [0.0, 2.18599, 2.37966], "centroid": [-0.8286753529411764, 1.031219705882353, 1.430281176470589], "id": "2ca371de1093a3867c9386abeb61de4d", "numVertices": 34, "min": [-1.65735, 0.0, 0.7493]}
