{"max": [-0.598059, 1.04372, -0.797262], "centroid": [-0.8299855687732346, 0.5727487026022307, -1.0781805687732335], "id": "2c14e910ad4173a898d5fc0473d00a1c", "numVertices": 269, "min": [-1.06636, 0.0, -1.40408]}
