{"max": [-0.123502, 0.924959, 0.91907], "centroid": [-0.6144986344127091, 0.5870789522529379, 0.49314412402504404], "id": "1de733a48e5607b22d9c1884c92fce12", "numVertices": 13094, "min": [-1.10314, 0.0, -0.0198798]}
