{"max": [-0.540188, 3.36867, 2.60509], "centroid": [-1.5138793142857139, 1.7406253571428576, 1.719861514285714], "id": "1ace72a88565df8e56bd8571ad86331a", "numVertices": 70, "min": [-2.60509, 0.0, 0.0]}
