{"max": [0.0, 1.13555, 0.899432], "centroid": [-0.3393974675275482, 0.7271609550180016, 0.6030704397044773], "id": "1da9942b2ab7082b2ba1fdc12ecb5c9e", "numVertices": 1452, "min": [-0.678699, -9.31323e-10, 7.45058e-09]}
