{"max": [-0.252082, 0.695852, -24.8689], "centroid": [-0.6792603768875831, 0.3737446123323829, -25.160036451342524], "id": "1c2caacac14dfa0019fb4103277a6b93", "numVertices": 4768, "min": [-1.10366, -0.0650652, -25.5511]}
