{"max": [2.57143, 0.954164, -0.108624], "centroid": [2.2910421896955433, 0.13125303981264624, -0.442091518735366], "id": "1f65075818c1d832c05575120a46cd3b", "numVertices": 1708, "min": [2.01065, -0.019144, -0.728601]}
