{"max": [-0.194918, 1.09477, 0.497552], "centroid": [-0.3914872621359223, 0.42919892766990275, 0.23220931662135935], "id": "2bb65d6612027f18591999955e20a6d0", "numVertices": 412, "min": [-0.613528, 0.0, -0.0124437]}
