{"max": [0.269718, 0.933748, 0.293692], "centroid": [-0.002286211335681648, 0.4119423769932927, 0.12777225188216496], "id": "1be0108997e6aba5349bb1cbbf9a4206", "numVertices": 23847, "min": [-0.267248, 0.0, -0.24546]}
