{"max": [0.028384, 0.682611, 0.735224], "centroid": [-0.3296991708249485, 0.4665531871484906, 0.37346533682092514], "id": "1b3c286bce219ddb7135fc51795b4038", "numVertices": 497, "min": [-0.683333, 2.36258e-05, 0.003243]}
