{"max": [0.0, 2.86896, 0.0], "centroid": [-1.8543371991639643, 1.3988710923786414, -1.7882150914935266], "id": "2c6815654a9d4c2aa3f600c356573d21", "numVertices": 3708, "min": [-3.70867, 0.0, -3.94947]}
