{"max": [0.4064, 1.016, 0.4572], "centroid": [0.2011669960474302, 0.41116024901185716, 0.24617394861660025], "id": "1e6cfd4bfc6270f822b5697e1c26fdf8", "numVertices": 506, "min": [0.0, 0.0, 0.0]}
