{"max": [0.33716, 0.836572, 0.374658], "centroid": [0.001670667935039714, 0.3076926742171235, 0.012087135542806647], "id": "1d0abb4d48b46e3f492d9da2668ec34c", "numVertices": 1133, "min": [-0.337114, -0.00555323, -0.284193]}
