{"max": [0.634, 0.772703, 0.755503], "centroid": [0.2941560685925928, 0.1779252220105821, 0.3239104349206349], "id": "2b7335c083d04862ca9c7c1ff5a28926", "numVertices": 189, "min": [-0.026, -0.0735, -0.0552659]}
