{"max": [0.290334, 1.43254, 0.710023], "centroid": [-0.2756913446753125, 0.4860047955996896, 0.06280229696749977], "id": "1e2ddaef401676915a7934ad3293bab5", "numVertices": 3200, "min": [-0.85082, -0.00547921, -0.440431]}
