{"max": [0.0, 0.930588, 0.0], "centroid": [-0.21535185650224248, 0.4528607354260087, -0.13558884520179376], "id": "1c199ef7e43188887215a1e3ffbff428", "numVertices": 223, "min": [-0.4318, 0.0, -0.4826]}
