{"max": [8.34278e-19, 1.06963, 0.912812], "centroid": [-0.4556943862068965, 0.2643435172413793, 0.6073851206896553], "id": "1ee92a9d78cccbda98d2e7dbe701ca48", "numVertices": 58, "min": [-0.922337, -0.714375, 0.0]}
