{"max": [0.245702, 0.760399, -0.511349], "centroid": [-0.058822740963855404, 0.5099356506024103, -0.8066709096385543], "id": "1e276a016b664e424d678187b8261d95", "numVertices": 332, "min": [-0.365832, 0.029355, -1.16833]}
