{"max": [0.0, 0.876551, 0.608463], "centroid": [-0.2950000190098516, 0.5016723052768615, 0.3317187194503704], "id": "2ac24756c1adbd62c1a25f36f85c3fd6", "numVertices": 7816, "min": [-0.59, 0.0, 0.0]}
