{"max": [-0.112736, 0.825076, 0.480325], "centroid": [-0.36963145532612834, 0.274896099874565, 0.2203543418023918], "id": "2b783fe4230af5436a7b680929b3b0fb", "numVertices": 10364, "min": [-0.633264, 0.0, -0.06]}
