{"max": [0.46, 1.14073, 0.04], "centroid": [0.22914759939046844, 0.7522593335122052, -0.15104910914297678], "id": "2b9fa5950d81d925cf004563556ddb36", "numVertices": 2392, "min": [0.0, -2.23517e-08, -0.442607]}
