{"max": [0.0, 0.66, 0.69], "centroid": [-0.2910606041969697, 0.4128467121212116, 0.3795158854545455], "id": "1ff1912cc74a76c3b2152dcc3ff6a477", "numVertices": 132, "min": [-0.59, 0.0, 0.0]}
