{"max": [-0.315034, 0.509753, 0.58739], "centroid": [-0.47515665320782696, 0.2687317419812205, 0.4899982207084484], "id": "1cd152cfd71cd314e2798a633e84d70b", "numVertices": 4037, "min": [-0.632145, -7.45058e-09, 0.27083]}
