{"max": [-0.63581, 0.9144, 0.480228], "centroid": [-0.9785127088036131, 0.6348639836343096, 0.1478550623589166], "id": "1eeae84f10df85cd74984b9cd0997a52", "numVertices": 1772, "min": [-1.3193, 0.0, -0.200702]}
