{"max": [0.99695, 1.01402, 0.970558], "centroid": [0.49847499999999967, 0.4639684720588243, 0.5644342214705884], "id": "2c2a5f5a8931fa0822f0b32ec619eee6", "numVertices": 408, "min": [0.0, 0.0, 0.0015875]}
