{"max": [-3.987e-06, 0.9, 0.6075], "centroid": [-0.2500850367987651, 0.3822088774651358, 0.33264653280965023], "id": "1ec5a88141aefca9cf6e4dd7ee69d71f", "numVertices": 3399, "min": [-0.499996, -0.0124654, 3.987e-06]}
