{"max": [0.0, 0.914656, 0.4572], "centroid": [-0.22871295688073376, 0.37161900917431184, 0.2113966003669727], "id": "1d99f74a7903b34bd56bda2fb2008f9d", "numVertices": 218, "min": [-0.4572, 0.0, 0.0]}
