{"max": [-0.453353, 0.8, 1.22248], "centroid": [-0.6960353622216237, 0.44108736223504286, 0.9741234095787468], "id": "2b2510922e763c2443b0708c694aaf46", "numVertices": 7454, "min": [-0.943353, 0.0754792, 0.642588]}
