{"max": [7.61576, 0.654208, -31.3642], "centroid": [7.186040654226618, 0.19212830703237835, -31.68043736510784], "id": "2abe8d5b5d29ff52f7628281ecb18112", "numVertices": 4448, "min": [6.75632, -0.104846, -32.0388]}
