{"max": [0.198618, 0.6985, -0.074049], "centroid": [-0.22720111269230772, 0.31947328788557755, -0.6249017583916086], "id": "1e68489b0dc2bfc3327289c00b6dc9ca", "numVertices": 286, "min": [-0.669314, 1.39698e-08, -0.931919]}
