{"max": [0.0272582, 0.974914, 0.586027], "centroid": [-0.2047837638636363, 0.5239305681818183, 0.2837949363636361], "id": "1e7bc7fd20c61944f51f77a6d7299806", "numVertices": 88, "min": [-0.437258, 0.0, 0.0]}
