{"max": [0.0, 0.920378, 0.51], "centroid": [-0.2449428571428569, 0.6306718228571428, 0.3123984485714288], "id": "1e92f53f3a191323d42b9650f19dd425", "numVertices": 350, "min": [-0.49, 0.0, 0.0]}
