{"max": [-2.87712, 0.926842, 3.05013], "centroid": [-3.135425860465099, 0.44332146860348853, 2.8071792674418674], "id": "1f82011c2303fc7babb8f41baefc4b12", "numVertices": 860, "min": [-3.39525, -0.00591622, 2.45881]}
