{"max": [0.37137, 1.275, 0.324401], "centroid": [0.1578699025411328, 0.5708595907149497, 0.05311964178272991], "id": "1bf710535121b17cf453cc5da9731a22", "numVertices": 1077, "min": [-0.0555963, 0.0, -0.253657]}
