{"max": [-0.868267, 0.92805, 1.01686], "centroid": [-1.127368554853071, 0.455974263722547, 0.8608092365727414], "id": "1fccc2ac4bfd3da535836c728d324152", "numVertices": 16608, "min": [-1.3809, -0.00892543, 0.485058]}
