{"max": [0.0, 0.65, 0.6], "centroid": [-0.28669574273100584, 0.4931102548917122, 0.35952207999815294], "id": "1f83e49ecdf209ddd7f81f50826c13f0", "numVertices": 4331, "min": [-0.62, 0.0, 0.0]}
