{"max": [0.49, 0.938908, 0.76854], "centroid": [0.243903135254959, 0.32363772254723344, 0.3477813172067509], "id": "1efb3d9f1cd2499c5339eb67f6086a2b", "numVertices": 3377, "min": [0.0, 0.0, 0.0]}
