{"max": [0.0, 0.84077, 0.72079], "centroid": [-0.39569136614754036, 0.4174856625683058, 0.31722570984972664], "id": "1e6f06d182094d4ffebad4f49b26ec52", "numVertices": 1464, "min": [-0.7807, 0.0, 0.0]}
