{"max": [0.0, 0.6, 0.0], "centroid": [-0.15250909090909087, 0.2112, -0.13314025454545453], "id": "2a8bb463e116e51de58b00a9dd2403d", "numVertices": 55, "min": [-0.3, 0.0, -0.282]}
