{"max": [-1.51996, 0.845258, 1.70769], "centroid": [-1.9136003317535555, 0.5404383009478669, 1.5036427488151647], "id": "1eab4c4c55b8a0f48162e1d15342e13b", "numVertices": 422, "min": [-2.30736, 0.0254, 1.14438]}
