{"max": [0.016877, 0.795814, 0.714713], "centroid": [-0.3623204866579131, 0.4376393721962877, 0.40587485500895587], "id": "2a79d429e9effa6de7c7920f6a65a54d", "numVertices": 8375, "min": [-0.741809, -0.00752521, 0.0123311]}
