{"max": [1.52588e-05, 2.07, 1.01997], "centroid": [-0.571332912385183, 1.5520968892499123, 0.49233652424737956], "id": "1c08f2aa305f124262e682c9809bff14", "numVertices": 28718, "min": [-1.14999, 0.0, -3.05176e-05]}
