{"max": [0.0, 0.966831, 0.58063], "centroid": [-0.2284547875, 0.6089015762195122, 0.4417675074079337], "id": "2a98a638f675f46e7d44dc16af152638", "numVertices": 328, "min": [-0.4572, 0.0, 0.0]}
