{"max": [0.0, 5.55429, 6.24738], "centroid": [-2.383720760598507, 0.4121948807980042, 3.27457386932669], "id": "1d7fdf837564523dc89a28b5e6678e0", "numVertices": 401, "min": [-4.7752, -5.62166, -1.75131]}
