{"max": [0.382096, 0.61595, 0.198456], "centroid": [-0.0013803810060975257, 0.11789081956707305, 0.005679976158536522], "id": "1b6c268811e1724ead75d368738e0b47", "numVertices": 656, "min": [-0.382096, 0.0, -0.198456]}
