{"max": [-0.300318, 1.2192, 2.25931], "centroid": [-0.5870777741935485, 0.6434574193548385, 2.086821451612904], "id": "1c45b266d3c879dab36dcc661f3905d", "numVertices": 62, "min": [-0.892455, -2.58623e-17, 1.73384]}
