{"max": [0.240456, 0.8016, 0.394147], "centroid": [-2.9270700354848794e-09, 0.5232301265822773, 0.24163373728798693], "id": "1e1151a459002e85508f812891696df0", "numVertices": 237, "min": [-0.240456, 0.0, -0.01]}
