{"max": [2e-09, 1.01401, -0.00998261], "centroid": [-0.24588593443866805, 0.6994074956993239, -0.0899611964192221], "id": "1f1b07bf637b3a1582db9fca4b68095", "numVertices": 5348, "min": [-0.499946, -0.00861, -0.595155]}
