{"max": [1.19998, 1.59703, 1.75537], "centroid": [0.8193862962962958, 0.8196365493827182, 1.4751111419753091], "id": "2b110b833111b38c420adf24e49f74c8", "numVertices": 162, "min": [0.377659, -0.0111125, 0.826534]}
