{"max": [-0.571298, 1.33855, -0.461113], "centroid": [-0.900944770000002, 0.8447517849999968, -0.7054788850000006], "id": "2c7d258bd18de1c28f7b968097bdb0fd", "numVertices": 400, "min": [-1.2452, 0.0, -1.1759]}
