{"max": [0.0, 0.845717, 0.95], "centroid": [-0.4277935771144285, 0.5320300597014928, 0.6732136517412937], "id": "1f8e18d42ddded6a4b3c42e318f3affc", "numVertices": 201, "min": [-0.92, 0.0, 0.0]}
