{"max": [0.0, 1.01601, 0.0], "centroid": [-0.3461595730337076, 0.6385439463031829, -0.2101348471058045], "id": "2ae70fbab330779e3bff5a09107428a5", "numVertices": 1068, "min": [-0.676522, -8.4074e-06, -0.635053]}
