{"max": [-2.65447, 0.876246, 2.81535], "centroid": [-2.889096039869654, 0.360317823297067, 2.474079122100812], "id": "1d1641362ad5a34ac3bd24f986301745", "numVertices": 5217, "min": [-3.12437, -5.47878e-05, 2.07914]}
