{"max": [0.44, 0.811961, 0.48], "centroid": [0.20465258445945902, 0.35908360810810824, 0.2513439594594593], "id": "1b90394dae690dddb53be07817c1dd99", "numVertices": 296, "min": [-0.03, 0.0, -0.03]}
