{"max": [0.126736, 0.442228, 0.0388524], "centroid": [-0.06859571512100707, 0.09222721209099667, -0.21165858230880924], "id": "2b8380ed4b779be7af7c7ad2549a1b15", "numVertices": 2066, "min": [-0.261984, -0.345003, -0.514743]}
