{"max": [0.511602, 2.04883, 0.687387], "centroid": [0.0058854136478953805, 0.9741747227624282, 0.05140202392390053], "id": "2b6cbad4ba1e9a0645881d7eab1353ba", "numVertices": 4205, "min": [-0.511655, -4.826e-07, -0.552084]}
