{"max": [0.749747, 3.28808, 3.31068], "centroid": [-2.188017784150935, -3.572879879422873, 0.3244528416000722], "id": "2ca91e56bef8cb5034af953b663e921b", "numVertices": 5406, "min": [-5.17191, -5.72631, -2.91355]}
