{"max": [4.81, 8.95, 4.81], "centroid": [2.323187086309525, 6.038057142857159, 4.208866428571422], "id": "1f3591151aef17ab997a9cd87230da", "numVertices": 336, "min": [0.0, 0.0, 0.0]}
