{"max": [0.314419, 0.763016, 0.563389], "centroid": [-0.00014438205321229156, 0.33476273800192075, 0.2848242996006058], "id": "2a197b179994b877f63e8e405d49b8ce", "numVertices": 7596, "min": [-0.314419, -3.175e-05, -0.0615765]}
