{"max": [-0.387309, 0.58962, -0.481363], "centroid": [-0.6242888896769115, 0.272164377903861, -0.728212646966116], "id": "2a9cac5daa8e99cbd9b53420a5458c53", "numVertices": 1269, "min": [-0.867309, -0.00319766, -1.19226]}
