{"max": [0.460163, 0.906525, 0.125468], "centroid": [0.23437206172416544, 0.4332775262647952, -0.13212932235360608], "id": "1e67e443849379fd6666a748bda83f67", "numVertices": 3716, "min": [-0.000251293, 0.0498902, -0.391458]}
