{"max": [-9.38036, 0.715727, 16.5631], "centroid": [-9.679066801896749, 0.36163292400948266, 16.317902634351956], "id": "1e2e68813f004d8ff8b8d4a282992be4", "numVertices": 1898, "min": [-9.97826, -0.0601625, 15.9536]}
