{"max": [0.0, 6.36, 3.35345], "centroid": [-1.6408632063545023, 2.8350578679704865, 1.0550682785953136], "id": "1ab42ccff0f8235d979516e720d607b8", "numVertices": 2392, "min": [-3.3, -2.38419e-07, 0.0]}
