{"max": [1.65137, 0.75, 3.10001], "centroid": [0.9426339355535059, 0.2999017175454826, 2.6505659574468154], "id": "1f576eefb36c3e189a6ba4499518ef95", "numVertices": 3243, "min": [0.231133, 0.0, 2.20918]}
