{"max": [0.0, 0.57226, 0.4572], "centroid": [-0.22638058834951463, 0.1677002757281554, 0.26353455339805815], "id": "1a8bbf2994788e2743e99e0cae970928", "numVertices": 103, "min": [-0.4572, -0.24765, 0.0]}
