{"max": [2.38419e-07, 0.96184, 0.829462], "centroid": [-0.4200875069280192, 0.4250197588032547, 0.4085152245060915], "id": "2ca81da56f941624191c3762b497eca9", "numVertices": 9607, "min": [-0.840214, 9.31323e-10, 0.0]}
