{"max": [0.0, 2.59331, 1.37678], "centroid": [-0.798520082236025, 1.5582776583850921, 1.0897148571428548], "id": "2cf960825840947aa903b9ef0ae7fb14", "numVertices": 161, "min": [-1.62633, 0.0, 0.0]}
