{"max": [0.0, 12.7397, 25.1015], "centroid": [-3.2452057837837818, 10.058672612612611, 12.43873252252257], "id": "2b4f2fc77c47056eaefb25a27e962525", "numVertices": 222, "min": [-6.20211, 0.0, 6.48494]}
