{"max": [-0.657305, 0.938387, -1.54821], "centroid": [-1.0070910500758732, 0.5299056184434748, -1.846228584977233], "id": "1c685bc2a93f87a2504721639e19f609", "numVertices": 2636, "min": [-1.35688, -0.00375435, -2.18765]}
