{"max": [-0.0629813, 0.792169, 0.855157], "centroid": [-0.40814739845360754, 0.35545906286597967, 0.4055705567010306], "id": "1e283319d1f2782ff2c92c2a4f65876", "numVertices": 194, "min": [-0.748171, 0.0, 0.102364]}
