{"max": [0.0, 0.803271, 0.514358], "centroid": [-0.2445693667853706, 0.3838150192165541, 0.2020465032473533], "id": "1e40fef11894c4b9ce4f274577283b16", "numVertices": 1039, "min": [-0.488, 0.0, 0.0]}
