{"max": [-0.572965, 0.882549, 0.879748], "centroid": [-0.9501569200000006, 0.3658069904, 0.34487833904], "id": "1cc3513e4d81516267510d684b7bfd11", "numVertices": 125, "min": [-1.326, 0.0151412, 0.00092951]}
