{"max": [-2.24304, 0.886997, 1.42436], "centroid": [-2.4982228048780484, 0.40959914390243896, 1.2255337195121985], "id": "2abb64b16e61663ce99b044850de1b87", "numVertices": 164, "min": [-2.745, -0.0179437, 1.02259]}
