{"max": [-4.88387, 0.63, 10.5839], "centroid": [-5.309651524926689, 0.41848833120350476, 10.185891436950156], "id": "1eb5613aa22df87b8ef9327f5d5c024d", "numVertices": 341, "min": [-5.73387, -0.03, 9.73291]}
