{"max": [0.0015875, 0.760327, 0.597198], "centroid": [-0.23341739197097647, 0.2578103128232188, 0.3694603330343008], "id": "1bdf0a0bb9db1db68998b3b64a143d42", "numVertices": 379, "min": [-0.458787, 0.0, -0.0015875]}
