{"max": [0.311174, 0.837786, 0.3698], "centroid": [-0.002868593198900339, 0.43347566754639183, 0.03579861929209624], "id": "1bcd9c3fe6c9087e593ebeeedbff73b", "numVertices": 1455, "min": [-0.310463, 0.00137427, -0.301475]}
