{"max": [0.567286, 1.296, -1.06744], "centroid": [0.3210115764192139, 0.6806757489082986, -1.2950622270742347], "id": "1cc6f2ed3d684fa245f213b8994b4a04", "numVertices": 458, "min": [0.037521, 0.0, -1.6765]}
