{"max": [0.366796, 0.946876, 0.758949], "centroid": [0.005584678026729551, 0.23731320909145961, 0.007263238772907743], "id": "1c2b230840baac57df3c82bbe2e3ca02", "numVertices": 69463, "min": [-0.355066, 0.00743434, -0.388998]}
