{"max": [0.662588, 0.887714, 7.7486e-07], "centroid": [0.32909496740638783, 0.4968783904073024, -0.3331861805763303], "id": "1f8eaa7aededc7e637b2bb75885cfc44", "numVertices": 5917, "min": [-1.49012e-07, 0.0, -0.605301]}
