{"max": [0.111508, 17.8397, 15.0713], "centroid": [-9.651004183595846, 6.805693141168449, 6.393397955699855], "id": "1f501c5ed6423e259c89c86daa5af59d", "numVertices": 3365, "min": [-19.4317, -0.448322, -0.143646]}
