{"max": [0.409868, 0.466302, 0.0098595], "centroid": [0.20090267915263169, -0.11981226523342102, -0.16316134955947373], "id": "1cf77ee00faa6de7fa6450cce25dc4cb", "numVertices": 380, "min": [-0.00986689, -0.520929, -0.416828]}
