{"max": [0.0, 0.62182, 0.4572], "centroid": [-0.22860001379310346, 0.09969593103448275, 0.31600353448275875], "id": "1ee30d218c8c730ecb01bc908e8cea6", "numVertices": 58, "min": [-0.4572, -0.6223, 0.003175]}
