{"max": [0.0, 1.71757, -0.110188], "centroid": [-0.4380736137931035, 0.9084977241379314, -0.4161560517241382], "id": "1d828c69106609f8cd783766d090e665", "numVertices": 58, "min": [-0.879475, 0.0, -1.03958]}
