{"max": [0.0262634, 0.79504, 0.523144], "centroid": [-0.22698286563438222, 0.3692755001942695, 0.27188919164678255], "id": "1fe33fe022779bf8b0957d845ac33749", "numVertices": 2129, "min": [-0.481615, -6.9342e-06, -0.00962759]}
