{"max": [0.307198, 1.05189, 0.24527], "centroid": [0.02602382732951689, 0.7597287690818708, 0.01242010948243417], "id": "2aa122c56910bad8fb0eb7e753c06942", "numVertices": 6376, "min": [-0.465067, -0.000574116, -0.461452]}
