{"max": [1.049, 1.36925, 0.522333], "centroid": [0.5100390189891149, 0.7911526543649714, 0.10072294051701014], "id": "1d498876c8890f7786470a1318504fef", "numVertices": 6302, "min": [-0.0371211, -0.00325774, -0.559386]}
