{"max": [0.57745, 0.929564, 0.848884], "centroid": [0.35560233085501874, 0.6253688215613386, 0.7624746579925646], "id": "1d6f4020cab4ec1962d6a66a1a314d66", "numVertices": 269, "min": [0.134397, 0.0, 0.362918]}
