{"max": [0.0, 0.899836, 0.59], "centroid": [-0.31298911059633056, 0.5500195183486237, 0.26965445422018375], "id": "1c6eb96eab5e75b67b79156a61ad4c01", "numVertices": 218, "min": [-0.59, 0.0, 0.0]}
