{"max": [1.39865, 0.791022, -0.0495258], "centroid": [1.148523138307983, 0.26849876907319375, -0.3822710874524705], "id": "1a74a83fa6d24b3cacd67ce2c72c02e", "numVertices": 2104, "min": [0.90207, 0.000101201, -0.585031]}
