{"max": [-0.709456, 0.9017, -2.9574], "centroid": [-0.9245646666666659, 0.455383347417841, -3.16801915492957], "id": "1aa07508b731af79814e2be0234da26c", "numVertices": 213, "min": [-1.16666, 0.0, -3.4146]}
