{"max": [0.0, 0.996987, 0.5814], "centroid": [-0.2330623670046081, 0.32458154377880183, 0.3981997876497699], "id": "2c251c2c49aaffd54b3c42e318f3affc", "numVertices": 217, "min": [-0.4606, 0.0, 0.0]}
