{"max": [0.313361, 0.795618, 1.49721], "centroid": [-0.1390429722302004, 0.43887078564699417, 1.1683033786560835], "id": "2ab2ec342a3b2a45c242632b2a8c3129", "numVertices": 15864, "min": [-0.598377, 0.0, 0.689758]}
