{"max": [-0.024182, 0.0184307, 0.0236576], "centroid": [-0.030780657743902373, 0.010835916401219566, 0.0152908003658536], "id": "2a2e5ecd0ef6ab2f80360680c1602c7d", "numVertices": 1640, "min": [-0.0373901, 2.54e-05, 0.00695719]}
