{"max": [-2.56923, 1.16507, 1.14312], "centroid": [-2.8662700000000014, 0.5091700303030304, 0.8231920404040411], "id": "2c40da664d4e736b972d35c68e1bdca3", "numVertices": 198, "min": [-3.15912, 0.0, 0.468374]}
