{"max": [0.809105, 1.50074, 0.00144567], "centroid": [0.41004022918032734, 0.8073683675409847, -0.2449429177704921], "id": "1b8e84935fdc3ec82be289de70e8db31", "numVertices": 610, "min": [0.0, -1.0, -0.990236]}
