{"max": [0.0329694, 0.705089, 0.688866], "centroid": [-0.33282512367272754, 0.39818946779999803, 0.4053951902909092], "id": "1b8c83552010440d490ad276cd2af3a4", "numVertices": 1100, "min": [-0.697194, -0.00022294, -0.0857862]}
