{"max": [0.0, 0.82328, 0.60895], "centroid": [-0.302454738898305, 0.3146199336158201, 0.30494614316384183], "id": "2c250a89e731a3d16f554fd9e81f2ffc", "numVertices": 1062, "min": [-0.603487, 0.0, 0.0]}
