{"max": [0.02, 1.21, 0.6018], "centroid": [-0.2651449440112148, 0.6614764164486003, 0.3063251569616203], "id": "2c2fbe0622220e7cf51f77a6d7299806", "numVertices": 535, "min": [-0.5405, 0.0, 1.49012e-08]}
