{"max": [-0.905076, 0.713016, -1.25017], "centroid": [-1.3262093280839886, 0.03382759055118113, -1.6218370341207353], "id": "1d1c829a54f0ae426cdb122727dd360f", "numVertices": 381, "min": [-1.74355, -0.480254, -2.14166]}
