{"max": [-0.000259936, 0.62013, 0.93508], "centroid": [-0.512660000277135, 0.4212818359782944, 0.4117296518087049], "id": "2ac88058053d5c2671a782a4379556c7", "numVertices": 3262, "min": [-1.02506, 0.0, 0.0]}
