{"max": [6.02514, 0.4407, 10.783], "centroid": [5.886225925925928, 0.17074503703703706, 10.675685185185186], "id": "1ef99f4e735ceabad97996b11dc03f35", "numVertices": 54, "min": [5.74724, 0.0, 10.5424]}
