{"max": [-3e-09, 0.830267, 0.511933], "centroid": [-0.28488593060683715, 0.5576802663707264, 0.321882972628205], "id": "1a6f615e8b1b5ae4dbbc9440457e303e", "numVertices": 936, "min": [-0.562671, 0.0, 0.0]}
