{"max": [0.0329673, 0.818583, 0.852053], "centroid": [-0.2569476311756636, 0.19530938177946566, -0.11002032409845895], "id": "1c9d7e56ae8c90c87ac6ce513ae497d3", "numVertices": 4997, "min": [-0.560195, -0.0112342, -0.836264]}
