{"max": [0.0, 0.838965, 0.500898], "centroid": [-0.225127346185044, 0.6338698286438549, 0.39524849667934125], "id": "1da29597f89c2b004b3c42e318f3affc", "numVertices": 1578, "min": [-0.457604, 0.0, 0.0]}
