{"max": [-0.000160336, 2.83178, 0.624444], "centroid": [-0.29401439529753814, 2.296723047269351, 0.30547741801563416], "id": "2ac0a9cdbe7ab8a6ad484915511ccff6", "numVertices": 6537, "min": [-0.58784, 1.87147, -0.010508]}
