{"max": [0.04475, 0.8464, -0.086086], "centroid": [-0.17969563773250707, 0.527877760850316, -0.31052320814880485], "id": "1e7c8833d231178fdcddd0cba5e9fbec", "numVertices": 1129, "min": [-0.40423, 0.0, -0.535066]}
