{"max": [0.215502, 1.24231, 0.424082], "centroid": [-0.02325472226823958, 0.7100997365846875, 0.2827706116140103], "id": "1b92525f3945f486fe24b6f1cb4a9319", "numVertices": 2755, "min": [-0.262348, -0.000966151, -0.00848012]}
