{"max": [0.0, 0.911302, 0.0], "centroid": [-0.19800709243697479, 0.5143188151260502, -0.14263542016806724], "id": "1b67a3a1101a9acb905477d2a8504646", "numVertices": 119, "min": [-0.4, 0.0, -0.44]}
