{"max": [-0.00170762, 0.779367, 0.585105], "centroid": [-0.3053157237491622, 0.46244942218108603, 0.2735181381824281], "id": "2c5e32bb738a5306e27790b0ec8671f7", "numVertices": 1491, "min": [-0.61075, 0.000165303, 0.0010905]}
