{"max": [4.51195e-17, 1.1633, 0.4572], "centroid": [-0.22755608877551028, 0.7639344489795916, 0.32139232857142863], "id": "2bd045838a2282ab5205884f75aba3a", "numVertices": 98, "min": [-0.4572, 0.0, 0.0]}
