{"max": [0.0811779, 1.14403, 0.798775], "centroid": [-0.48745475882710493, 0.6190313322381951, 0.4196159079260782], "id": "2c4719f6aa7b2c8a5a9f35e635b7e48b", "numVertices": 2435, "min": [-1.05651, -0.01, 0.0262448]}
