{"max": [1.79056, 0.875658, 4.64994], "centroid": [1.5955604210526315, 0.5712127663157903, 4.550344842105268], "id": "2b52cd0ffce12156ccbcb819724fb563", "numVertices": 190, "min": [1.40056, 0.00565835, 4.21297]}
