{"max": [-0.198107, 0.695852, -24.8689], "centroid": [-0.8448911867656116, 0.391282160581446, -25.12446839826874], "id": "2a8554af80cfa5e719fb4103277a6b93", "numVertices": 6468, "min": [-1.48943, -0.0650652, -25.5511]}
