{"max": [50.6864, 0.897133, -39.0727], "centroid": [50.266065483563445, 0.26841291423427566, -39.86801833015729], "id": "2b3da2a8773d2571c3bd24f986301745", "numVertices": 8396, "min": [49.8078, -0.0236037, -40.7417]}
