{"max": [1.5621, 18.2911, 9.1186], "centroid": [-9.458470964047937, 11.870949094540583, 2.609252436750994], "id": "1f8dde91813456e87e777e4db5dc272a", "numVertices": 751, "min": [-10.8903, 0.0, 0.0]}
