{"max": [0.961438, 1.35255, 1.55966], "centroid": [0.5503057787429733, 0.45455974035769114, 1.0897619759836439], "id": "1eed5ebb2af372cb5438b83aba42ca46", "numVertices": 1957, "min": [0.138149, 0.0, 0.756567]}
