{"max": [-0.590591, 1.38285, 1.13299], "centroid": [-1.0223578920669187, 0.4801376865839181, 0.6797353367512197], "id": "2acb11399d4d6cc335836c728d324152", "numVertices": 1853, "min": [-1.45414, 0.0, 0.364675]}
