{"max": [0.194403, 0.99, 0.360566], "centroid": [-0.01196642675159228, 0.601298560509554, 0.11554233197452228], "id": "1bb81d54471d7c1df51f77a6d7299806", "numVertices": 157, "min": [-0.205597, 0.0, -0.239434]}
