{"max": [0.0, 0.791932, 0.554862], "centroid": [-0.2596748514424966, 0.5805273551237066, 0.33034642613171494], "id": "2c149e5ab744616f60ac8f16dfbc3b59", "numVertices": 713, "min": [-0.519343, 0.0, 0.0]}
