{"max": [0.0, 0.902103, 0.0], "centroid": [-0.18304852450385498, 0.24663447048471557, -0.23405961513424764], "id": "1b80175cc081f3e44e4975e87c20ce53", "numVertices": 2257, "min": [-0.3937, 0.0, -0.419094]}
