{"max": [8.70044, 7.31, 3.75948], "centroid": [6.822481694915256, 2.8571262711864414, 2.456586915254236], "id": "1e9004958eb935b2ef2777c7d8e09db2", "numVertices": 59, "min": [4.87044, 0.0, -0.070524]}
