{"max": [0.0465786, 0.801768, 0.610019], "centroid": [-0.24177505462133422, 0.5771276391525162, 0.31533307643702224], "id": "1eb8558d0f6885a1268ecf2838ad6f15", "numVertices": 4111, "min": [-0.527899, -0.00305991, -0.009525]}
