{"max": [0.00431074, 0.765022, 0.00204042], "centroid": [-0.3144685595904289, 0.47021042231366955, -0.2139452492382673], "id": "2ad0943e70c0bd1481f667e2a25e0619", "numVertices": 11650, "min": [-0.633035, -0.00219578, -0.538372]}
