{"max": [-2.16172, 1.2192, 4.03251], "centroid": [-2.3907902830188674, 0.5103240188679246, 3.7582367924528297], "id": "1e3fba4500d20bb49b9f2eb77f5e247e", "numVertices": 106, "min": [-2.61892, 0.0, 3.57531]}
