{"max": [1.13963, 1.30556, -0.987232], "centroid": [0.8287192695652181, 0.6077668173913041, -1.2180363304347845], "id": "1ef31b046039bf985c8a41baad250b1b", "numVertices": 115, "min": [0.530028, 0.0, -1.59683]}
