{"max": [0.00573199, 0.0128097, 0.00935739], "centroid": [0.0001386802145208951, 0.0033531184708315734, 0.0014931528552131624], "id": "2b69e899da0c15cfb40f0ac0fb9a650d", "numVertices": 2369, "min": [-0.00571619, -2.032e-07, -0.00932238]}
