{"max": [0.0, 1.10862, -5.95038], "centroid": [-0.3596450284495029, 0.558488476813656, -6.544906735419628], "id": "1dc63eb0c6b1102f5369e32fb818f337", "numVertices": 1406, "min": [-0.715935, 0.0, -7.14052]}
