{"max": [0.0696313, 0.798607, 0.0497482], "centroid": [-0.2595917032731371, 0.4172582844604229, -0.12833719799390397], "id": "2b5953c986dd08f2f91663a74ccd2338", "numVertices": 5074, "min": [-0.584814, -0.00307952, -0.473746]}
