{"max": [-1.96045, 1.68944, 0.536419], "centroid": [-2.352762521815014, 0.7376790414659732, 0.23336824572425857], "id": "2bd6800d64c01d677721fafb59ea099", "numVertices": 1146, "min": [-2.74785, 0.000339806, -0.190656]}
