{"max": [2.31255, 1.81965, 0.0401437], "centroid": [1.9280360310639235, 1.2215930645220197, -0.2876304263370367], "id": "2a0e0b51d919f030ad484915511ccff6", "numVertices": 16289, "min": [1.56665, 0.786358, -0.686936]}
