{"max": [0.0, 0.912651, 0.688977], "centroid": [-0.30995538848614135, 0.5109990267377414, 0.4827070942004256], "id": "1bbe463ba96415aff1783a44a88d6274", "numVertices": 1876, "min": [-0.619894, 0.0, 0.0]}
