{"max": [0.0, 0.94, 0.495088], "centroid": [-0.21099721935117347, 0.18625254276637457, 0.24321549417155472], "id": "1e4fb9149de6be81f51f77a6d7299806", "numVertices": 8184, "min": [-0.429737, 0.0, 0.0]}
