{"max": [-1.37175, 0.451041, 1.16017], "centroid": [-1.6227713444520087, 0.08824131285125933, 0.8801401436351282], "id": "2a75b2bb82d7f77c3f9d6e0ade5188b0", "numVertices": 2938, "min": [-1.8865, -0.480935, 0.482027]}
