{"max": [0.4699, 1.13665, 0.890577], "centroid": [-8.123583107013341e-19, 0.641061013658537, 0.4355382780487799], "id": "2b85487133b04a543f86d4a1692234ec", "numVertices": 410, "min": [-0.4699, 0.0, 0.0]}
