{"max": [0.353678, 0.843899, 0.423289], "centroid": [-0.04640622329449994, 0.31438159318579667, 0.026975535230679897], "id": "1e44e3c128b667b4fdef1c01cbd4ae0c", "numVertices": 4309, "min": [-0.429753, -1.65445e-05, -0.35201]}
