{"max": [0.0, 0.784462, 1.06117], "centroid": [-0.45944360799999984, 0.46535212914285684, 0.4406440122971429], "id": "1d9dbebcbb82682bf27a705edb2f9ba6", "numVertices": 175, "min": [-0.9144, 0.0, 0.0]}
