{"max": [0.0, 12.2567, 0.0], "centroid": [-4.1470887590408845, 4.620418535538523, -4.098271121933952], "id": "1eb1a8acd4185f49492d9da2668ec34c", "numVertices": 1272, "min": [-8.36935, 0.0, -8.35725]}
