{"max": [0.0112814, 0.808115, 0.59394], "centroid": [-0.231059084608888, 0.4240146227259184, 0.3472725381960128], "id": "2cf7ccf97b09187fcb7547c95fbdff26", "numVertices": 4163, "min": [-0.482919, 0.000204082, 0.00144836]}
