{"max": [0.0, 0.944324, 0.461644], "centroid": [-0.23407707872340416, 0.4889314680851064, 0.3242879276595748], "id": "2b1af04045c8c823f51f77a6d7299806", "numVertices": 94, "min": [-0.45, 0.0, 0.0]}
