{"max": [5.32112, 5.04889, 2.92031], "centroid": [3.878961724137929, 2.673123103448276, 1.7672776551724143], "id": "1fd7d0fe883059e355feea066cda8f9a", "numVertices": 58, "min": [2.45612, 0.0, -0.355361]}
