{"max": [-0.390831, 1.05186, 0.0819404], "centroid": [-0.6363371330323969, 0.4652151689378641, -0.2072508487810142], "id": "2c052f5541d4d5689b2d7f86be5d0083", "numVertices": 3766, "min": [-0.888416, 0.0067945, -0.56007]}
