{"max": [-2.82932, 0.878889, -1.52766], "centroid": [-3.0769653206865466, 0.3689678622883465, -1.8607282746160807], "id": "2a445cdc8cac449271c43550cfb383a8", "numVertices": 1107, "min": [-3.32403, 0.0, -2.11131]}
