{"max": [0.300428, 0.669586, 0.375361], "centroid": [0.0029298146279949384, 0.3745242761664573, 0.04849938032786887], "id": "1f857fce279b761435fbe95f496199e", "numVertices": 793, "min": [-0.27957, 0.0, -0.372768]}
