{"max": [0.000808, 0.99522, 0.969581], "centroid": [-0.39942462391573835, 0.4238524826517959, 0.3410223252788106], "id": "2a417b5a946ff7eb2a3f8f484e6c5c4f", "numVertices": 1614, "min": [-0.799657, 0.0, -0.001431]}
