{"max": [0.0, 0.709837, 0.71], "centroid": [-0.45191355975570646, 0.38537920072396636, 0.44786475945385434], "id": "1b05971a4373c7d2463600025db2266", "numVertices": 5526, "min": [-0.90382, 0.0, 0.0]}
