{"max": [-0.00791766, 0.811137, 0.9], "centroid": [-0.4351042725851708, 0.44767150340681344, 0.4719444488977977], "id": "2aa1d5cc784b0b65f51f77a6d7299806", "numVertices": 499, "min": [-0.855831, 0.0, -0.0114]}
