{"max": [1.77083, 1.04, 1.41776], "centroid": [1.4701835135135128, 0.5336299729729729, 1.2642456216216227], "id": "2aa2d2bb646fdc511b7ca0421af5a45e", "numVertices": 74, "min": [1.17083, 0.0, 0.817756]}
