{"max": [0.0, 0.76, 1.00169], "centroid": [-0.7386249570955087, 0.38160722046783574, 0.586363037553607], "id": "1e53d84e48bb7d25febad4f49b26ec52", "numVertices": 2052, "min": [-1.48, 0.0, 0.0]}
