{"max": [-16.5168, 0.883135, -0.592251], "centroid": [-16.83017476153919, 0.5288811585352495, -0.8947012016226431], "id": "2b66adf2ba9858eb19fb4103277a6b93", "numVertices": 9121, "min": [-17.1402, 0.0671379, -1.27567]}
