{"max": [0.272977, 0.96, 0.278397], "centroid": [0.030081766666666697, 0.4785033333333334, 0.0651311466666667], "id": "2ba1779986eb9546f51f77a6d7299806", "numVertices": 150, "min": [-0.187023, 0.0, -0.291603]}
