{"max": [4.51195e-17, 1.13453, 0.4572], "centroid": [-0.22859999619608184, 0.7970307843137256, 0.3913582342913149], "id": "2bf69f0fa5be4c3f6ecea8cff53afe1a", "numVertices": 714, "min": [-0.4572, 0.0, -1.12799e-17]}
