{"max": [0.447309, 0.815076, 0.412207], "centroid": [0.22545397558422292, 0.5339612771839309, 0.24634002377441877], "id": "2a87cf850dca72a4a886e56ff3d54c4", "numVertices": 2713, "min": [-0.00130935, 0.0, -0.0859035]}
