{"max": [0.0, 0.962552, 0.899945], "centroid": [-0.6056353424158134, 0.4148548802635414, 0.37002795795022153], "id": "2bc587e0b4c0a0aa5a99858ad1805187", "numVertices": 1366, "min": [-1.22, 0.0, 0.0]}
