{"cameraMode":{"drawMode":0,"name":"Shaded","section":"Shading Mode"},"sceneLighting":true,"audioPlay":false,"sceneViewState":{"showFog":false,"showMaterialUpdate":true,"showSkybox":true,"showFlares":true,"showImageEffects":true,"showParticleSystems":true},"in2DMode":false,"pivot":{"x":1.3334852457046509,"y":0.35281145572662356,"z":-3.907747507095337},"rotation":{"x":-0.11021880060434342,"y":0.8305554986000061,"z":-0.1772954910993576,"w":-0.5163291096687317},"size":10.0,"orthographic":false}