{"max": [-2.60448, 0.82584, 1.02684], "centroid": [-2.855946851851852, 0.43675124999999976, 0.8226703425925924], "id": "2ae1dc95e09b858128fda76c378c923", "numVertices": 108, "min": [-3.11955, 0.0, 0.51177]}
