{"max": [0.0888065, 2.4514, 0.0], "centroid": [-0.9268773820105827, 1.125365227513228, -0.9154895121693127], "id": "2acd3a3e50e8e068fae61b8c1512b8af", "numVertices": 189, "min": [-1.87343, 0.0, -1.7861]}
