{"max": [1.0294, 0.946517, 0.590803], "centroid": [-0.014150696117554068, 0.47563230053580546, 0.17232099069702117], "id": "1b5ae67e2ffb387341fbc1e2da054acb", "numVertices": 6312, "min": [-1.05848, -0.00259617, -0.445868]}
