{"max": [0.0, 4.35451, 0.0], "centroid": [-4.620383000000001, 1.6436521885714293, -0.8902855642857137], "id": "2a1184b04dd8f30e3e92f39ce48d644", "numVertices": 70, "min": [-5.91502, 0.0, -2.81305]}
