{"max": [-0.586576, 0.96449, 1.03327], "centroid": [-0.9065090495916013, 0.4961659057204179, 0.8090984725787636], "id": "2bf05f8a84f0a6f33002761e7a3ba3bd", "numVertices": 8570, "min": [-1.27805, 1.18706e-05, 0.326682]}
