{"max": [-1.48435, 1.65894, -1.92708], "centroid": [-2.1424237380191706, 0.7776556961661348, -2.3239634504792335], "id": "2ad02c9ed22b03727f141968548cdc00", "numVertices": 313, "min": [-2.8005, -0.0473788, -3.06585]}
