{"max": [-0.688451, 0.867732, 0.555871], "centroid": [-0.8886152075471698, 0.5081023930817608, 0.37311044339622607], "id": "2a28a1658e9b557062c658925896f75e", "numVertices": 318, "min": [-1.09345, 0.0, 0.111783]}
