{"max": [0.022225, 1.26928, 0.18916], "centroid": [-0.22672648463488454, 0.4778628432271274, -0.10108272888746303], "id": "2ab159f83754a93ea6c03a53cf0a14c9", "numVertices": 4363, "min": [-0.479425, 0.0, -0.4064]}
