{"max": [0.272573, 1.04487, 0.228425], "centroid": [0.020668317335058084, 0.41536442520310524, 0.010373501940491596], "id": "2b70fe0b5669985c100bd20b85b3554", "numVertices": 1546, "min": [-0.230906, 0.000930112, -0.213421]}
