{"max": [0.0344023, 1.65567, 0.453879], "centroid": [-0.49872038261455326, 0.6656671262468304, -0.22432653081079207], "id": "1e1b70bdfafb9d22df2fa7eaa812363c", "numVertices": 3865, "min": [-1.0344, 0.0, -0.871714]}
