{"max": [0.0, 1.14081, 1.177], "centroid": [-0.6401869310344824, 0.278541724137931, 0.8105556206896548], "id": "2af09bd8df40506c9e646678ef50aa3d", "numVertices": 58, "min": [-1.277, -0.73, 0.0]}
