{"max": [0.0, 1.7215, 1.079], "centroid": [-0.5367880415517244, 0.5519288389655174, 0.8102350689655158], "id": "1e03b1793723dc25fbd332e3dd079259", "numVertices": 116, "min": [-1.079, -0.828, 0.0]}
